Set_i,A01,A02,A03,B,C10-C12,C13-C15,C16,C17,C18,C19,C20,C21,C22,C23,C24,C25,C26,C27,C28,C29,C30,C31_C32,C33,E36,E37-E39,F,G45,G46,G47,H49,H50,H51,H52,H53,I,J58,J59_J60,J61,J62_J63,K64,K65,K66,L,M69_M70,M71,M72,M73,M74_M75,N77,N78,N79,N80-N82,O84,P85,Q86,Q87_Q88,R90-R92,R93,S94,S95,S96
CPA_A01,2261.195,44.638,0.0,0.0,28975.222,33.939,2.071,1.076,0.0,0.0,19.193,2.182,182.495,0.0,0.0,0.0,0.0,0.0,0.0,0.0,0.0,0.0,0.0,0.0,0.0,0.0,0.0,0.0,0.0,0.0,33.198,1.789,0.0,0.0,443.379,0.0,0.0,0.0,0.0,0.0,0.0,0.0,0.0,0.0,0.0,0.952,0.0,4.249,0.0,0.0,0.0,1016.689,443.242,35.099,117.218,113.939,18.903,0.0,13.251,0.0,16.361
CPA_A02,70.884,940.737,0.0,23.391,15.406,0.0,1839.007,52.2,0.0,0.0,11.616,0.0,0.0,0.0,0.0,0.0,0.0,0.0,0.0,0.0,0.0,41.031,0.0,0.0,0.0,0.0,0.0,0.0,0.0,0.0,0.0,0.0,0.0,0.0,9.663,0.0,0.0,0.0,0.0,0.0,0.0,0.0,0.0,0.0,6.549,0.0,0.0,0.0,0.0,0.0,0.0,26.824,12.027,0.0,5.092,5.817,0.0,0.0,10.095,0.0,8.839
CPA_A03,0.0,0.0,57.747,0.0,307.547,0.0,0.0,0.0,0.0,0.0,0.0,0.0,0.0,0.0,0.0,0.0,0.0,0.0,0.0,0.0,0.0,0.0,0.0,0.0,0.0,0.0,0.0,0.0,0.0,0.0,3.438,0.0,0.0,0.0,113.157,0.0,0.0,0.0,0.0,0.0,0.0,0.0,0.0,0.0,0.0,0.0,0.0,0.0,0.0,0.0,0.0,0.0,1.677,0.0,6.815,3.892,0.0,0.0,0.0,0.0,0.0
CPA_B,51.706,0.0,0.0,868.585,179.929,7.117,0.0,18.56,0.0,42.368,188.077,14.641,3.051,2241.902,48.122,16.895,3.868,12.002,12.389,1.962,1.973,10.921,0.98,0.0,86.881,2595.944,0.0,5.67,19.53,0.0,0.0,0.0,0.0,0.0,1.039,0.0,0.0,0.0,1.002,0.0,0.0,1.983,1.971,0.0,0.0,0.0,0.0,0.0,0.0,0.0,1.06,44.937,308.496,0.0,5.914,3.378,1.208,0.0,0.0,0.0,0.0
CPA_C10-12,2127.502,0.0,0.0,0.0,21629.752,0.0,0.0,6.297,1.04,1.135,665.884,219.287,0.0,0.0,0.0,0.0,3.937,3.054,3.88,2.995,0.0,9.096,0.0,0.0,0.0,0.0,0.0,0.0,0.0,0.0,358.365,136.144,0.0,0.0,9903.211,0.0,20.43,0.0,0.0,0.0,0.0,0.0,0.0,16.51,0.0,0.929,0.0,4.147,0.0,0.0,0.0,11.181,3011.775,534.065,3731.382,2309.566,89.767,43.394,211.855,0.0,69.666
CPA_C13-15,26.319,2.107,40.816,4.358,6.315,1328.321,1.051,13.1,2.163,1.18,4.329,15.501,189.53,4.248,6.504,49.454,46.069,44.474,91.819,468.354,40.738,315.352,17.633,0.0,1.045,147.12,3.54,6.003,44.8,5.655,0.0,1.815,2.169,3.225,101.223,0.0,11.688,0.0,0.0,0.0,0.0,0.0,0.0,0.0,0.0,0.966,2.396,1.078,0.0,0.0,0.0,175.505,60.599,10.019,93.924,116.833,115.113,24.502,22.76,1.009,24.154
CPA_C16,38.26,2.015,1.301,27.094,116.765,21.62,3949.608,195.244,4.137,9.032,223.563,33.886,55.616,91.414,81.903,213.343,93.995,73.93,302.05,200.628,462.543,1143.078,61.504,7.173,46.987,4173.246,13.544,93.015,71.411,10.816,0.0,0.0,34.233,8.225,57.876,0.0,8.129,32.541,4.057,7.203,10.062,3.012,167.688,21.556,15.404,10.161,26.352,7.218,8.806,1.005,0.0,328.629,124.754,117.116,40.922,19.384,29.358,32.067,4.947,1.931,1053.981
CPA_C17,19.617,4.133,12.009,56.635,2737.404,255.48,62.88,4597.372,1133.847,5.789,1196.142,735.149,418.229,231.225,15.947,343.636,474.904,486.017,371.088,205.732,48.148,422.679,83.414,4.203,6.151,47.027,6.944,1982.988,1231.359,8.873,8.261,5.342,25.53,29.52,30.214,106.649,12.504,6.257,27.04,44.317,13.413,6.178,10.235,237.888,244.833,15.155,41.121,174.479,21.93,32.967,7.708,410.61,55.402,15.285,20.47,54.953,12.544,21.501,16.234,3.96,23.689
CPA_C18,18.892,2.985,1.285,11.32,141.156,91.502,34.745,116.512,1531.171,21.184,98.124,101.439,72.214,38.116,83.955,101.368,145.038,131.016,216.331,377.622,27.624,159.845,35.267,9.107,70.095,77.197,203.969,637.322,2060.319,79.044,9.945,15.432,49.173,305.61,37.411,2784.29,619.171,390.645,145.227,585.058,269.272,11.899,57.171,790.683,263.672,179.705,175.377,328.933,77.024,178.588,538.678,761.911,681.968,239.726,62.097,485.309,101.475,34.104,231.575,3.813,35.646
CPA_C19,813.362,107.023,16.752,95.025,139.304,22.089,29.118,36.964,11.097,2629.486,2128.591,74.98,56.351,441.313,902.021,89.607,55.672,92.349,137.692,285.56,46.086,50.692,21.285,18.688,339.983,2513.616,192.52,1505.429,544.525,1616.412,10.804,3.726,1585.869,412.515,189.656,23.199,58.869,56.729,77.251,22.216,39.939,12.926,92.09,288.519,95.02,100.088,11.062,84.079,45.886,12.934,48.382,290.724,584.88,156.482,154.19,119.877,110.236,68.805,79.611,2.071,201.361
CPA_C20,1034.356,7.66,2.826,14.711,323.563,531.05,1100.387,417.251,171.858,150.802,4171.107,1396.068,1945.0,932.048,1041.424,414.186,179.694,130.875,352.118,753.928,212.638,301.327,64.637,14.466,226.9,1896.998,193.654,26.188,68.005,11.746,19.685,13.199,10.139,4.466,60.565,13.419,3.311,1.104,7.71,3.911,14.204,0.0,26.015,12.262,27.88,50.156,2.488,12.318,2.732,2.182,0.0,1185.932,342.428,67.06,173.422,64.387,26.568,42.86,0.0,10.484,224.212
CPA_C21,0.0,0.0,0.0,0.0,4.349,0.0,0.0,0.0,0.0,0.0,0.0,2049.663,0.0,0.0,0.0,0.0,0.0,0.0,0.0,0.0,0.0,0.0,0.0,0.0,0.0,0.0,0.0,0.0,0.0,0.0,0.0,0.0,0.0,0.0,0.0,0.0,0.0,0.0,0.0,0.0,0.0,0.0,0.0,0.0,0.0,0.998,0.0,10.024,0.0,0.0,0.0,0.0,0.0,0.0,231.782,217.985,0.0,0.0,0.0,0.0,0.0
CPA_C22,71.304,5.247,0.0,3.256,1172.011,170.476,69.096,326.208,54.938,52.91,696.332,395.919,6739.233,122.705,60.464,600.528,633.231,1375.336,4841.146,9420.006,290.276,821.905,524.824,25.612,216.558,9990.629,1068.454,331.27,586.958,132.922,2.098,10.85,141.526,13.919,52.603,0.0,0.0,50.834,20.068,7.501,6.287,0.0,80.042,0.0,201.864,2.886,29.83,56.919,2.62,2.093,0.0,485.467,140.155,6.653,209.971,224.43,6.37,17.983,5.152,35.189,13.533
CPA_C23,245.252,25.356,0.0,9.44,289.768,90.153,432.046,6.306,0.0,6.818,62.507,179.067,258.13,4551.502,304.71,385.921,331.134,303.768,268.086,429.871,43.239,146.729,124.812,57.758,9.056,20976.456,46.577,2.312,6.635,38.105,6.082,0.0,76.223,9.314,18.006,0.0,0.0,149.438,0.0,0.0,0.0,0.0,62.289,0.0,18.089,18.595,18.452,3.114,17.727,0.0,0.0,385.739,314.419,16.075,26.12,42.464,38.169,49.657,20.914,0.0,98.821
CPA_C24,21.057,2.107,0.0,32.69,89.468,6.459,19.972,38.212,7.571,17.708,392.873,21.039,328.477,50.981,18173.923,8419.474,1231.679,2757.615,7452.186,12677.876,823.182,576.094,1654.521,49.289,2.091,1889.849,413.068,120.078,83.864,140.248,0.0,0.0,49.898,0.0,0.0,0.0,0.0,17.013,5.303,0.0,0.0,0.0,1.044,0.0,64.429,0.0,2.396,9.705,1.315,2.101,0.0,19.032,38.006,1.113,0.0,0.0,1.279,1.29,0.0,24.228,0.0
CPA_C25,118.985,9.239,6.628,91.299,488.123,127.955,104.458,26.592,12.645,195.527,463.948,166.137,1078.622,201.778,819.603,21347.887,1382.503,2421.457,12763.777,14689.78,4797.665,1401.104,2765.021,88.733,695.608,11463.355,1318.827,194.198,175.72,201.65,4.104,1.769,248.351,18.853,34.305,8.392,18.634,47.654,21.698,8.255,13.325,0.0,328.445,0.0,20.923,70.578,31.515,6.303,5.126,1.024,0.0,715.941,196.144,41.217,50.841,44.14,12.462,11.308,35.28,26.554,8.825
CPA_C26,3.264,0.0,0.0,2.252,50.03,8.899,2.172,19.178,112.877,9.759,67.099,187.645,27.821,13.169,77.293,145.702,2798.185,1272.598,693.384,637.445,185.659,1016.736,953.938,32.108,18.363,70.948,32.926,151.371,68.849,23.374,19.586,3.752,44.834,38.88,12.507,12.239,222.885,1297.604,238.888,55.451,68.489,26.037,12.942,72.091,56.865,126.753,3.714,28.969,9.515,0.0,8.121,287.34,450.023,155.301,209.214,210.667,29.078,17.324,13.898,19.819,20.28
CPA_C27,24.626,2.143,0.0,5.541,12.845,16.422,2.138,9.993,5.5,14.407,73.743,10.135,52.571,47.525,142.22,210.818,765.276,8072.741,2493.666,2789.362,279.398,338.9,628.719,26.152,7.442,6091.489,48.008,147.757,46.732,83.965,4.284,3.693,130.169,6.56,280.871,4.38,4.322,95.16,32.355,3.83,6.42,1.068,42.457,1.092,4.095,36.344,12.184,1.097,0.0,0.0,0.0,182.797,50.14,6.793,10.614,31.525,18.211,14.427,5.261,16.426,95.192
CPA_C28,558.325,157.493,0.0,36.813,704.73,47.39,1.076,27.943,76.402,16.92,165.092,41.944,176.408,130.479,208.652,1231.345,292.435,1111.245,32699.51,2732.523,1051.274,320.717,1380.537,149.186,28.896,2594.143,181.234,102.032,117.61,18.526,0.0,0.0,13.326,14.308,92.372,3.307,2.176,45.721,2.171,0.0,11.848,0.0,0.0,5.494,8.245,31.643,1.227,6.624,0.0,0.0,0.0,31.392,47.321,2.28,61.971,24.412,5.238,3.961,0.0,18.602,4.637
CPA_C29,215.756,3.16,0.0,3.268,14.731,2.152,0.0,0.0,0.0,2.36,29.212,0.0,96.893,28.667,11.921,241.944,19.446,185.258,5404.825,61581.15,0.0,46.24,94.363,14.996,0.0,25.058,2921.124,56.417,96.467,1110.282,6.316,0.0,649.532,0.0,1.1,3.229,0.0,0.0,0.0,0.0,0.0,0.0,0.0,0.0,0.0,65.659,0.0,0.0,0.0,0.0,0.0,16.912,56.475,0.0,0.0,0.0,2.557,9.025,0.0,0.0,0.0
CPA_C30,0.0,0.0,0.0,0.0,0.0,0.0,0.0,0.0,0.0,0.0,0.0,0.0,1.086,0.0,0.0,1.061,0.0,51.274,8.143,8.381,9438.291,0.0,1910.617,0.0,0.0,0.0,3.571,0.0,0.0,11.409,0.0,545.77,0.0,0.0,0.0,0.0,0.0,0.0,0.0,0.0,0.0,0.0,0.0,0.0,16.248,7.794,0.0,0.0,0.0,0.0,0.0,19.198,3323.88,0.0,5.264,2.405,0.0,3.903,0.0,0.0,0.0
CPA_C31_32,0.0,0.0,0.0,2.167,0.0,16.058,3.136,0.0,4.302,0.0,0.0,1.101,5.355,0.0,2.156,7.325,226.022,0.0,7.024,7.229,1.039,1361.103,11.347,0.0,0.0,16.257,0.0,3.582,1.142,3.374,0.0,0.0,1.079,0.0,3.283,0.0,0.0,3.172,0.0,1.872,10.462,0.0,2.076,0.0,0.0,35.539,0.0,21.446,0.0,0.0,0.0,4.206,11.236,57.57,2036.272,320.12,2.544,1.283,57.616,0.0,3.003
CPA_C33,54.511,6.943,1.281,261.575,845.201,209.776,340.398,549.854,96.727,208.931,1598.554,48.993,489.679,768.869,2924.868,2238.764,988.868,1011.854,4314.589,5402.659,697.228,381.997,842.716,57.495,21.65,231.871,21.109,80.257,190.337,1280.858,896.141,1322.915,119.474,23.277,47.649,3.041,69.02,561.559,3.993,5.318,37.636,0.0,507.971,3.031,29.062,5.456,3.383,132.977,0.0,128.566,0.0,113.471,468.009,68.123,249.553,250.292,7.225,3.642,0.0,0.0,11.37
CPA_D35,769.732,9.201,14.041,282.853,2282.696,364.898,373.821,1339.859,239.543,1121.75,2858.339,333.141,1617.491,1682.84,4186.676,1579.602,567.287,700.25,1533.171,2005.01,149.265,318.781,216.562,745.949,158.498,823.627,882.511,2376.305,3977.884,2447.47,18.39,24.502,526.98,387.448,2064.017,127.358,190.63,686.246,340.949,508.205,224.663,122.516,830.179,502.709,314.325,412.509,79.887,234.537,128.439,38.361,68.63,717.634,1894.149,1096.75,2061.276,1126.276,307.665,306.109,224.214,27.246,987.532
CPA_E36,131.811,0.916,1.183,29.369,286.432,31.823,9.139,121.499,13.165,21.554,237.122,27.919,57.116,99.728,151.747,132.659,56.079,64.449,143.881,162.531,5.449,24.678,18.037,4.658,25.449,127.92,43.096,58.463,77.906,44.25,1.831,1.579,35.838,26.172,297.523,16.851,6.467,28.659,29.505,36.834,28.357,0.913,20.871,97.053,40.845,15.116,16.666,23.438,5.718,4.567,1.952,73.542,152.711,214.881,205.979,126.464,37.812,196.224,26.086,2.633,280.897
CPA_E37-39,909.902,16.791,5.101,202.237,2421.173,363.27,338.944,2898.19,40.553,79.674,2014.764,129.743,2541.91,1045.335,3584.065,1472.651,122.84,173.712,391.591,672.69,19.584,221.716,53.478,1.004,9075.626,371.86,201.337,433.336,1255.594,104.957,0.0,1.702,178.954,65.503,1356.311,62.577,42.828,117.613,173.963,275.339,114.399,12.794,70.441,302.842,133.367,48.891,43.797,67.721,48.088,21.664,1.052,758.197,2808.571,292.198,916.662,569.97,134.288,291.344,85.343,17.032,590.124
CPA_F,906.601,141.466,7.559,186.655,1377.094,262.152,202.443,325.506,293.427,370.557,1368.881,578.257,578.366,490.723,1460.507,813.574,485.369,551.059,1091.303,1585.724,107.365,271.574,133.504,428.595,3981.077,30698.767,660.025,1477.607,2147.617,1156.151,21.451,67.245,3563.534,719.698,1894.014,294.113,554.901,1400.047,663.796,973.726,676.073,26.248,40199.47,1927.065,903.538,186.024,351.65,618.024,416.554,457.181,99.804,2278.175,8525.52,3006.952,3849.986,1400.921,768.66,249.578,819.069,14.021,478.083
CPA_G45,135.112,20.072,0.0,41.515,303.925,39.935,103.281,78.811,43.376,41.427,151.913,68.832,88.54,196.998,101.082,222.611,136.523,162.445,1956.646,27534.109,947.853,112.777,73.84,24.709,425.521,805.319,2701.359,881.248,2629.539,2102.367,35.897,12.742,3121.278,3577.442,276.905,71.251,46.875,224.946,102.073,89.673,74.894,63.159,27.207,308.855,161.49,93.936,91.289,137.3,891.548,12.639,29.269,221.559,1013.368,181.941,207.185,161.376,102.597,43.963,18.672,8.097,30.273
CPA_G46,3740.015,479.218,57.885,275.938,11932.543,1335.786,1684.418,1425.478,841.391,646.929,5012.162,2125.472,2049.771,2810.046,3826.902,4469.294,4915.681,4554.556,8582.835,8852.482,1683.499,3930.347,2738.163,219.24,1476.076,21086.643,1349.649,5992.67,2761.355,966.924,669.856,86.438,795.499,275.51,5912.797,308.661,237.866,696.869,656.347,145.908,109.768,75.508,205.099,686.044,845.68,620.296,252.417,550.49,106.596,60.656,35.257,2501.885,3393.961,1160.405,7633.806,3345.302,623.215,237.757,463.212,100.208,1044.485
CPA_G47,1719.807,50.991,20.157,81.788,5869.118,415.704,817.005,297.594,208.294,176.053,1436.564,471.335,670.078,877.955,462.525,1133.823,3707.856,1795.737,2233.342,3285.296,2269.72,1567.727,875.906,56.086,146.603,5069.66,538.487,911.95,925.809,308.294,299.517,82.484,187.476,101.928,6086.67,166.956,83.953,382.256,266.032,75.315,57.149,59.104,120.602,471.725,518.322,256.606,168.016,565.484,59.76,44.614,14.416,989.941,2068.458,878.511,9199.38,4483.933,462.361,137.56,221.73,46.858,563.612
CPA_H49,165.334,30.085,0.0,172.154,2389.202,173.151,474.2,828.142,62.792,5461.659,2091.001,148.595,882.512,1738.633,3217.065,561.845,654.808,629.92,1466.51,3662.17,70.59,734.382,180.665,31.613,40.792,574.646,195.441,13828.096,2799.005,7816.013,198.439,8.64,15117.169,0.0,17.803,339.206,77.87,13.156,51.476,99.46,30.04,7.994,0.0,21.453,5.11,128.7,1.14,35.919,0.0,0.0,7222.742,165.035,1885.795,5159.088,16.886,0.0,20.696,24.549,793.655,3.843,10.058
CPA_H50,1.321,0.0,1.708,19.145,56.801,0.0,1.319,20.552,0.0,77.042,104.586,1.39,35.141,25.325,76.19,15.847,23.128,34.554,36.726,0.0,0.0,19.79,0.0,0.0,0.0,1.368,1.481,1308.043,27.393,4.258,338.319,0.0,78.957,0.0,0.0,0.0,0.0,0.0,0.0,0.0,0.0,0.0,0.0,0.0,0.0,0.0,0.0,0.0,0.0,0.0,545.325,0.0,1.289,0.0,0.0,0.0,0.0,0.0,0.0,0.0,0.0
CPA_H51,2.826,1.414,0.0,8.774,28.251,8.668,7.053,13.187,2.903,9.506,69.718,14.86,21.68,11.403,17.459,183.587,1082.724,336.822,1022.445,572.848,178.046,149.548,168.445,1.438,7.015,24.865,6.335,253.002,78.629,3.036,2.826,2387.908,8.735,760.349,4.43,23.121,44.207,22.832,41.274,80.864,28.239,2.818,4.202,79.227,79.26,20.74,8.039,27.495,7.061,2.82,4045.861,34.056,168.178,4.482,7.003,4.8,30.899,10.385,9.719,2.71,8.105
CPA_H52,143.761,2.767,13.101,46.735,7334.523,151.707,195.056,141.432,40.708,761.563,868.695,106.615,838.029,656.333,500.073,641.065,994.735,761.933,3001.297,4440.731,65.835,405.793,256.043,30.012,16.47,835.669,342.961,34590.578,3086.031,16651.544,6376.487,6013.61,28601.759,8694.946,277.382,28.275,4.65,114.48,26.92,29.667,0.0,0.0,9.136,131.532,42.296,6.764,20.973,142.52,177.316,6.437,11.793,90.699,169.927,0.0,0.0,0.0,3.359,1.129,0.0,13.254,0.0
CPA_H53,11.789,0.983,0.0,45.754,423.299,180.808,11.77,65.198,194.777,147.608,1504.699,803.841,333.627,77.3,98.121,583.236,1286.818,1395.228,2690.056,1370.265,34.116,538.522,323.278,31.994,11.705,193.219,473.522,6166.809,13109.775,2056.865,23.582,243.956,599.194,2599.128,1195.102,392.841,188.381,2504.268,195.931,591.217,639.092,480.036,85.702,848.301,385.755,89.225,233.639,302.851,65.053,1011.622,145.626,448.901,1736.702,13.505,395.379,407.175,463.094,116.729,107.158,18.839,133.829
CPA_I,0.0,1.066,0.0,1.103,8.52,0.0,0.0,0.0,0.0,38.224,286.905,40.334,2.179,0.0,1.097,276.825,21.754,82.504,528.876,52.541,1.057,1.064,44.081,0.0,0.0,991.353,2.388,1309.707,371.957,1037.945,102.285,1285.94,1100.828,21.755,80.16,105.678,613.895,148.472,172.757,193.376,30.871,394.116,78.147,204.173,84.202,1.955,50.913,45.824,0.0,6.378,725.937,159.403,771.159,3.379,121.439,57.905,271.788,765.982,517.133,0.0,114.567
CPA_J58,12.397,5.169,0.0,7.484,124.968,30.633,3.094,24.639,31.838,45.176,190.089,118.43,44.383,37.517,73.398,79.505,123.566,117.417,144.56,317.945,20.5,35.071,29.517,14.719,131.294,130.466,81.061,311.048,915.307,126.515,20.665,24.941,61.733,44.305,510.687,730.063,75.069,124.16,648.286,187.53,146.593,199.858,270.366,1117.44,1223.539,391.423,394.985,734.285,149.724,149.468,35.255,1343.54,2009.714,1249.701,521.252,635.245,901.164,117.688,484.242,6.934,75.551
CPA_J59_60,0.967,0.0,0.0,1.001,154.65,0.0,0.0,1.003,0.993,1.084,4.969,1.017,0.989,0.975,1.991,0.966,78.975,0.972,4.633,15.259,81.539,0.965,0.953,0.984,0.0,1.001,0.0,17.643,111.824,67.51,0.0,0.0,0.0,0.0,400.136,56.361,7318.229,0.0,127.575,30.259,50.24,0.964,11.501,180.376,70.258,0.0,4692.225,36.638,8.456,20.259,0.0,66.996,461.25,53.162,137.052,76.641,306.576,76.981,94.059,0.0,16.637
CPA_J61,82.247,11.759,0.0,65.87,248.633,21.024,40.08,80.211,50.293,59.286,321.077,95.77,217.339,192.608,169.377,335.667,509.4,389.997,669.108,819.043,138.925,106.565,148.561,24.912,182.77,492.592,154.755,1276.392,1137.821,286.1,39.173,97.934,301.628,1694.672,1020.241,1201.647,1106.772,15862.747,1509.967,781.877,572.392,265.584,488.236,687.768,695.298,199.417,860.147,456.278,152.918,855.85,1490.062,423.811,1757.683,166.694,261.093,462.372,654.268,203.898,88.521,24.409,407.173
CPA_J62_63,25.206,2.018,0.0,68.871,584.619,129.895,92.609,263.468,267.225,218.191,1930.864,798.475,501.228,360.05,724.636,1429.935,1565.779,1474.52,3411.155,2843.447,486.182,407.72,579.126,54.383,1599.715,951.845,482.586,4289.105,2690.921,1413.449,30.253,865.874,2274.916,1519.575,298.204,2849.028,915.805,3923.432,48179.938,4806.359,1841.765,783.233,559.719,4833.093,1718.57,3305.856,1061.248,997.507,866.677,724.347,644.062,1489.454,5359.939,2449.988,2214.795,1166.881,411.579,154.38,210.046,46.402,453.974
CPA_K64,730.956,56.8,2.529,80.008,1036.965,122.066,156.313,208.015,127.666,310.513,627.677,281.988,423.401,276.396,458.447,724.712,509.087,551.172,1290.5,1956.581,240.784,313.635,242.951,47.802,350.741,3846.14,1083.72,2349.216,2801.698,950.279,166.381,175.498,876.1,328.734,1297.784,242.183,211.342,546.519,949.187,18183.026,1839.33,1163.169,22258.827,1838.573,1072.871,122.988,360.773,660.446,754.34,327.094,207.667,1078.038,2205.302,428.379,2381.378,725.822,280.568,214.56,861.587,47.85,1046.775
CPA_K65,498.965,17.799,1.277,66.47,541.311,33.339,165.727,183.401,119.773,118.545,761.766,112.23,339.593,236.227,162.782,180.72,167.184,159.011,435.618,650.096,56.861,159.824,70.091,88.489,564.098,1051.442,301.257,573.583,1604.237,3484.669,98.824,170.391,1757.046,85.759,275.715,90.945,97.725,109.769,161.231,926.838,4284.189,2660.346,111.662,431.129,195.249,51.669,59.59,98.159,1412.263,55.211,44.256,351.269,2239.305,1877.514,488.749,363.647,118.842,41.151,276.722,9.474,97.762
CPA_K66,0.0,0.0,0.0,0.0,0.0,0.0,0.0,0.0,0.0,0.0,19.22,0.0,0.0,0.0,0.0,0.0,0.0,79.403,0.0,0.0,0.0,0.0,0.0,0.0,0.0,0.0,0.0,0.0,0.0,0.0,0.0,0.0,0.0,0.0,0.0,0.0,0.0,0.0,0.0,7644.411,23920.561,3628.526,0.0,0.0,0.0,0.0,0.0,0.0,33.743,0.0,0.0,0.0,7.094,0.0,0.0,0.0,0.0,0.0,0.0,0.0,0.0
CPA_L,504.717,13.679,1.262,59.613,3092.915,393.294,446.406,525.406,440.273,262.719,1319.669,495.923,1131.433,833.165,764.979,2025.638,1013.905,1254.923,3190.666,5056.772,404.892,852.934,582.878,132.142,877.233,23039.259,4742.817,6468.958,19794.17,934.432,80.067,134.684,2055.902,603.103,6797.24,568.105,898.578,4813.547,1377.688,5074.675,2819.397,1275.337,15593.086,7999.02,5872.111,514.989,1179.778,1064.851,830.646,2581.43,458.092,4808.991,6734.792,807.274,3595.199,2529.485,329.73,629.027,883.564,23.401,1063.936
CPA_M69_70,134.204,4.009,1.294,165.85,4127.215,148.488,192.985,512.01,333.354,1227.45,2655.179,957.49,1136.145,879.999,1261.231,1070.079,1207.677,2313.933,6786.561,6850.441,413.39,570.014,819.006,71.349,687.144,2368.98,1365.162,5242.932,4887.086,774.651,28.048,60.45,361.155,195.331,436.483,672.953,433.632,605.896,1909.707,8445.453,4001.331,2226.215,12475.227,49496.325,16615.641,173.658,1039.379,3326.515,1093.663,484.684,588.512,14077.392,2569.819,185.334,1209.247,876.716,276.212,168.077,411.394,10.563,361.914
CPA_M71,397.543,10.301,0.0,286.284,1052.122,14.47,281.303,449.599,21.147,223.603,2682.096,1017.541,1733.213,1354.966,914.074,1433.76,1630.187,2493.649,2864.464,2586.442,1111.856,186.269,916.454,513.265,4219.315,3776.984,36.054,572.255,676.642,2664.675,120.958,377.174,2266.652,69.627,164.042,111.842,33.76,385.914,635.003,639.661,172.278,129.581,1678.439,1605.431,3831.566,978.479,222.528,430.878,726.565,74.458,15.092,987.132,2088.641,368.681,216.811,106.357,31.262,55.159,323.657,22.204,71.951
CPA_M72,0.0,0.0,0.0,0.0,0.0,0.0,0.0,0.0,0.0,0.0,0.0,0.0,0.0,0.0,0.0,0.0,0.0,0.0,0.0,0.0,0.0,0.0,0.0,0.0,0.0,0.0,0.0,0.0,0.0,0.0,0.0,0.0,0.0,0.0,0.0,0.0,0.0,0.0,0.0,0.0,0.0,0.0,0.0,0.0,0.0,1134.976,0.0,0.0,0.0,0.0,0.0,0.0,0.0,0.0,0.0,0.0,0.0,0.0,0.0,0.0,0.0
CPA_M73,31.662,2.112,1.364,48.062,3424.898,101.438,25.289,90.837,18.431,328.986,1450.521,830.274,326.031,156.506,71.724,194.091,494.682,324.834,435.971,1583.485,39.792,451.029,90.464,53.705,36.677,100.511,996.123,1184.423,1841.394,173.466,8.445,67.341,43.494,206.915,91.55,368.064,186.402,206.786,187.102,315.216,436.629,10.525,10.463,258.23,126.479,6.778,132.106,41.075,259.77,167.442,214.975,122.949,287.277,27.9,40.802,33.465,105.143,164.188,10.371,5.06,54.483
CPA_M74_75,1066.408,0.0,0.0,29.294,258.318,876.616,14.585,61.541,43.146,99.306,455.202,100.828,159.705,139.079,87.432,199.849,335.614,292.954,592.431,950.181,58.884,792.227,83.659,14.867,184.935,166.344,133.05,535.235,425.398,184.396,3.653,11.022,47.975,35.428,201.342,806.775,228.526,258.196,366.951,1294.893,1106.73,858.595,632.677,2150.193,743.807,59.472,249.35,469.424,168.832,69.239,15.579,709.706,746.466,45.377,305.917,184.043,351.638,431.711,119.331,3.502,49.752
CPA_N77,1719.346,73.924,0.0,91.185,1165.508,72.796,385.613,383.901,560.423,202.57,690.692,568.137,702.772,635.612,457.261,850.337,456.939,552.293,822.247,932.297,98.013,341.222,209.557,104.156,1312.173,8578.533,338.178,5309.348,3358.874,1805.927,938.169,1147.956,1654.997,357.13,1040.774,395.007,567.644,656.128,1153.691,552.288,479.342,953.14,127.041,110.688,58.998,138.796,86.078,75.651,13958.843,14.208,564.698,1189.573,1153.896,834.711,986.289,761.897,312.471,453.497,454.757,27.305,671.253
CPA_N78,2981.291,124.683,2.496,50.977,1970.599,136.273,164.881,185.271,96.236,32.487,719.759,355.504,859.464,506.61,537.987,1781.869,785.13,853.857,2893.515,3157.137,1231.334,498.549,989.574,8.846,380.686,465.872,256.57,1148.82,849.355,435.742,258.873,89.935,2477.596,400.38,356.297,36.545,32.165,165.816,718.897,108.815,68.521,0.0,121.589,607.488,434.631,149.736,25.276,70.227,205.129,114.676,13.389,1164.843,11.307,3.064,1504.965,779.785,15.253,16.562,8.541,19.446,58.165
CPA_N79,6.874,0.983,0.0,0.0,105.051,2.008,3.922,4.073,3.027,7.708,81.77,33.052,11.05,5.944,11.123,82.449,57.299,66.18,165.657,253.807,35.078,24.514,29.027,19.989,8.776,47.78,12.109,39.201,25.718,1245.92,145.369,443.708,79.931,6.017,151.901,4.017,49.557,7.935,97.931,77.278,51.031,23.504,32.127,125.148,13.772,4.505,4.47,3.017,11.043,3.92,107.872,16.766,207.909,80.999,30.179,15.57,242.203,813.206,5.79,0.0,7.041
CPA_N80-82,239.58,38.963,1.29,234.529,2826.31,376.641,254.147,589.008,290.219,625.71,3115.458,867.216,907.782,704.919,947.713,1021.681,1351.281,1441.856,3497.954,4577.958,549.715,682.777,542.907,83.307,1370.785,4557.128,1048.499,9423.495,6254.447,1811.259,23.963,227.238,1708.331,747.173,1643.196,1710.062,1593.852,1267.312,1529.406,5379.202,2617.599,1606.713,3752.596,4094.244,2715.887,348.012,553.204,1157.354,1774.822,308.785,490.775,4717.89,8340.67,1719.556,4201.7,2233.797,868.375,536.82,277.617,18.186,1929.624
CPA_O84,321.04,89.847,2.522,202.998,1368.702,145.673,185.107,297.496,148.363,263.696,1237.827,357.151,512.061,531.569,552.628,518.862,457.381,581.05,721.085,1353.387,116.185,244.56,148.058,189.682,685.001,4248.606,247.207,641.041,866.712,554.538,56.607,79.092,384.052,92.667,622.105,99.798,188.104,176.411,573.042,385.687,172.599,33.085,2103.04,3894.755,2103.708,215.751,661.801,964.432,363.321,157.738,19.772,1786.517,6697.503,403.457,577.489,320.465,151.75,108.775,591.655,6.549,86.756
CPA_P85,25.859,0.0,0.0,1.071,184.067,0.0,0.0,1.073,0.0,57.991,232.859,75.063,21.161,2.087,2.13,154.039,115.674,294.43,392.583,1588.654,103.656,25.82,66.241,1.053,26.703,22.485,9.276,15.336,44.017,120.006,0.0,121.295,27.708,121.463,2.162,70.876,79.339,263.256,1001.257,1035.017,182.954,70.141,742.387,75.925,60.66,1728.022,23.541,74.156,1.292,1.032,0.0,192.174,4202.072,14862.071,227.629,520.078,96.764,98.83,324.249,2.975,1.483
CPA_Q86,19.237,0.0,0.0,0.0,16.195,0.0,0.0,0.0,0.0,3.406,33.305,5.324,13.464,0.0,13.553,3.036,19.691,13.239,14.556,65.916,0.0,0.0,2.993,17.517,0.0,0.0,0.0,23.094,97.218,0.0,0.0,0.0,0.0,0.0,95.233,0.0,0.0,0.0,0.0,0.0,12.141,0.0,0.0,6.193,3.872,0.0,0.0,96.436,0.0,0.0,0.0,33.554,380.295,456.079,9639.022,3291.743,0.0,297.654,0.0,0.0,0.0
CPA_Q87_88,0.0,0.0,0.0,0.0,0.0,0.0,0.0,0.0,0.0,0.0,0.0,0.0,0.0,0.0,0.0,0.0,0.0,0.0,0.0,0.0,0.0,0.0,0.0,0.0,0.0,0.0,0.0,0.0,0.0,0.0,0.0,0.0,0.0,0.0,0.0,0.0,0.0,0.0,0.0,0.0,0.0,0.0,0.0,0.0,0.0,0.0,0.0,0.0,0.0,0.0,0.0,0.0,0.0,0.0,0.0,1929.037,0.0,0.0,0.0,0.0,0.0
CPA_R90-92,0.0,0.0,0.0,0.0,0.0,0.0,0.0,0.0,22.842,0.0,0.0,0.0,0.0,0.0,0.0,0.0,0.0,0.0,0.0,1.907,0.0,0.0,0.0,0.0,0.0,0.0,0.0,0.0,5.274,0.0,0.0,0.0,0.0,0.0,41.424,1372.284,1581.546,6.834,0.974,25.07,9.66,0.0,0.958,4.928,1.232,37.249,1.1,0.99,0.0,0.965,6.186,6.796,381.976,70.535,0.958,0.0,1964.934,582.622,45.599,0.0,0.0
CPA_R93,0.0,0.0,0.0,0.0,176.953,0.0,0.0,0.0,0.0,0.0,9.73,8.959,0.0,0.0,0.0,0.0,0.0,0.0,13.608,61.624,0.0,0.0,0.0,9.633,0.0,0.0,4.244,2.159,8.262,0.0,0.0,0.0,0.0,13.531,0.0,0.0,0.0,90.817,0.0,449.443,109.721,0.0,0.0,0.0,0.0,0.0,0.0,0.0,0.0,0.0,0.0,3.802,5132.56,1113.991,81.631,0.0,0.0,5921.36,717.141,0.0,0.0
CPA_S94,77.664,7.066,2.607,35.493,299.484,58.785,19.133,53.342,63.206,92.74,188.704,73.196,80.475,61.05,110.088,105.85,125.547,107.539,153.708,219.884,23.018,53.377,27.825,10.265,166.244,824.84,193.336,348.555,1325.08,182.033,8.071,10.436,365.792,0.0,93.819,84.587,50.898,6.112,135.124,289.524,135.062,25.146,11.999,808.232,392.2,81.43,68.865,103.303,45.367,30.193,55.934,205.628,223.378,71.46,501.925,103.941,107.837,28.417,12.885,2.901,244.432
CPA_S95,0.0,0.0,0.0,0.0,65.517,24.003,25.39,24.343,23.111,21.935,64.35,25.718,25.013,46.376,53.379,24.44,117.944,73.787,76.873,89.732,24.262,26.37,0.0,19.909,0.0,72.901,0.0,27.889,225.194,52.538,48.915,116.387,25.194,0.0,124.715,24.008,27.641,38.527,83.746,70.847,69.398,51.696,14.545,96.727,84.796,24.228,30.052,50.089,26.886,0.0,61.544,42.239,80.159,129.286,58.176,33.23,0.0,0.0,2.884,0.0,0.0
CPA_S96,17.82,1.049,0.0,17.358,123.657,9.646,4.186,13.044,19.383,30.56,154.086,105.835,41.817,14.804,37.777,28.287,63.198,52.716,74.344,62.04,5.2,20.933,12.393,4.267,148.83,43.404,18.8,105.204,183.001,20.269,2.097,3.615,22.68,4.281,578.431,11.792,42.317,103.749,127.758,102.17,57.612,8.363,61.309,1146.655,276.628,39.428,82.303,83.738,79.889,39.746,49.187,10.527,65.451,33.253,629.69,473.629,348.943,301.746,4.12,2.01,8700.025
